name,code,region,district,centro_pob
01 .::. Amazonas,1,7,84,2816
0101 .::. Chachapoyas,101,,21,661
010101 .::. Chachapoyas,10101,,,28
010102 .::. Asuncion,10102,,,8
010103 .::. Balsas,10103,,,24
010104 .::. Cheto,10104,,,14
010105 .::. Chiliquin,10105,,,41
010106 .::. Chuquibamba,10106,,,25
010107 .::. Granada,10107,,,11
010108 .::. Huancas,10108,,,4
010109 .::. La Jalca,10109,,,108
010110 .::. Leimebamba,10110,,,62
010111 .::. Levanto,10111,,,30
010112 .::. Magdalena,10112,,,31
010113 .::. Mariscal Castilla,10113,,,60
010114 .::. Molinopampa,10114,,,27
010115 .::. Montevideo,10115,,,7
010116 .::. Olleros,10116,,,12
010117 .::. Quinjalca,10117,,,37
010118 .::. San Francisco De Daguas,10118,,,17
010119 .::. San Isidro De Maino,10119,,,91
010120 .::. Soloco,10120,,,12
010121 .::. Sonche,10121,,,12
0102 .::. Bagua,102,,6,298
010201 .::. Bagua,10201,,,15
010202 .::. Aramango,10202,,,88
010203 .::. Copallin,10203,,,34
010204 .::. El Parco,10204,,,9
010205 .::. Imaza,10205,,,121
010206 .::. La Peca,10206,,,31
0103 .::. Bongará,103,,12,258
010301 .::. Jumbilla,10301,,,23
010302 .::. Chisquilla,10302,,,24
010303 .::. Churuja,10303,,,8
010304 .::. Corosha,10304,,,24
010305 .::. Cuispes,10305,,,25
010306 .::. Florida,10306,,,32
010307 .::. Jazan,10307,,,20
010308 .::. Recta,10308,,,13
010309 .::. San Carlos,10309,,,15
010310 .::. Shipasbamba,10310,,,13
010311 .::. Valera,10311,,,14
010312 .::. Yambrasbamba,10312,,,47
0104 .::. Condorcanqui,104,,3,254
010401 .::. Nieva,10401,,,131
010402 .::. El Cenepa,10402,,,59
010403 .::. Rio Santiago,10403,,,64
0105 .::. Luya,105,,23,588
010501 .::. Lamud,10501,,,30
010502 .::. Camporredondo,10502,,,41
010503 .::. Cocabamba,10503,,,70
010504 .::. Colcamar,10504,,,18
010505 .::. Conila,10505,,,19
010506 .::. Inguilpata,10506,,,19
010507 .::. Longuita,10507,,,19
010508 .::. Lonya Chico,10508,,,10
010509 .::. Luya,10509,,,16
010510 .::. Luya Viejo,10510,,,1
010511 .::. Maria,10511,,,14
010512 .::. Ocalli,10512,,,21
010513 .::. Ocumal,10513,,,32
010514 .::. Pisuquia,10514,,,78
010515 .::. Providencia,10515,,,20
010516 .::. San Cristobal,10516,,,3
010517 .::. San Francisco Del Yeso,10517,,,22
010518 .::. San Jeronimo,10518,,,28
010519 .::. San Juan De Lopecancha,10519,,,15
010520 .::. Santa Catalina,10520,,,11
010521 .::. Santo Tomas,10521,,,73
010522 .::. Tingo,10522,,,22
010523 .::. Trita,10523,,,6
0106 .::. Rodríguez de Mendoza,106,,12,290
010601 .::. San Nicolas,10601,,,33
010602 .::. Chirimoto,10602,,,38
010603 .::. Cochamal,10603,,,12
010604 .::. Huambo,10604,,,35
010605 .::. Limabamba,10605,,,37
010606 .::. Longar,10606,,,29
010607 .::. Mariscal Benavides,10607,,,9
010608 .::. Milpuc,10608,,,7
010609 .::. Omia,10609,,,60
010610 .::. Santa Rosa,10610,,,13
010611 .::. Totora,10611,,,6
010612 .::. Vista Alegre,10612,,,11
0107 .::. Utcubamba,107,,7,467
010701 .::. Bagua Grande,10701,,,102
010702 .::. Cajaruro,10702,,,125
010703 .::. Cumba,10703,,,55
010704 .::. El Milagro,10704,,,18
010705 .::. Jamalca,10705,,,55
010706 .::. Lonya Grande,10706,,,73
010707 .::. Yamon,10707,,,39
02 .::. Áncash,2,20,166,7245
0201 .::. Huaraz,201,,12,875
020101 .::. Huaraz,20101,,,144
020102 .::. Cochabamba,20102,,,83
020103 .::. Colcabamba,20103,,,18
020104 .::. Huanchay,20104,,,125
020105 .::. Independencia,20105,,,118
020106 .::. Jangas,20106,,,33
020107 .::. La Libertad,20107,,,65
020108 .::. Olleros,20108,,,30
020109 .::. Pampas,20109,,,109
020110 .::. Pariacoto,20110,,,42
020111 .::. Pira,20111,,,70
020112 .::. Tarica,20112,,,38
0202 .::. Aija,202,,5,252
020201 .::. Aija,20201,,,50
020202 .::. Coris,20202,,,75
020203 .::. Huacllan,20203,,,15
020204 .::. La Merced,20204,,,72
020205 .::. Succha,20205,,,40
0203 .::. Antonio Raymondi,203,,6,260
020301 .::. Llamellin,20301,,,57
020302 .::. Aczo,20302,,,37
020303 .::. Chaccho,20303,,,44
020304 .::. Chingas,20304,,,40
020305 .::. Mirgas,20305,,,59
020306 .::. San Juan De Rontoy,20306,,,23
0204 .::. Asunción,204,,2,124
020401 .::. Chacas,20401,,,57
020402 .::. Acochaca,20402,,,67
0205 .::. Bolognesi,205,,15,597
020501 .::. Chiquian,20501,,,39
020502 .::. Abelardo Pardo Lezameta,20502,,,9
020503 .::. Antonio Raymondi,20503,,,15
020504 .::. Aquia,20504,,,94
020505 .::. Cajacay,20505,,,58
020506 .::. Canis,20506,,,4
020507 .::. Colquioc,20507,,,34
020508 .::. Huallanca,20508,,,119
020509 .::. Huasta,20509,,,79
020510 .::. Huayllacayan,20510,,,70
020511 .::. La Primavera,20511,,,10
020512 .::. Mangas,20512,,,13
020513 .::. Pacllon,20513,,,23
020514 .::. San Miguel De Corpanqui,20514,,,7
020515 .::. Ticllos,20515,,,23
0206 .::. Carhuaz,206,,11,318
020601 .::. Carhuaz,20601,,,78
020602 .::. Acopampa,20602,,,17
020603 .::. Amashca,20603,,,13
020604 .::. Anta,20604,,,45
020605 .::. Ataquero,20605,,,27
020606 .::. Marcara,20606,,,44
020607 .::. Pariahuanca,20607,,,13
020608 .::. San Miguel De Aco,20608,,,15
020609 .::. Shilla,20609,,,11
020610 .::. Tinco,20610,,,15
020611 .::. Yungar,20611,,,40
0207 .::. Carlos Fermín Fitzcarrald,207,,3,224
020701 .::. San Luis,20701,,,128
020702 .::. San Nicolas,20702,,,39
020703 .::. Yauya,20703,,,57
0208 .::. Casma,208,,4,178
020801 .::. Casma,20801,,,55
020802 .::. Buena Vista Alta,20802,,,38
020803 .::. Comandante Noel,20803,,,14
020804 .::. Yautan,20804,,,71
0209 .::. Corongo,209,,7,80
020901 .::. Corongo,20901,,,28
020902 .::. Aco,20902,,,6
020903 .::. Bambas,20903,,,7
020904 .::. Cusca,20904,,,19
020905 .::. La Pampa,20905,,,7
020906 .::. Yanac,20906,,,6
020907 .::. Yupan,20907,,,7
0210 .::. Huari,210,,16,668
021001 .::. Huari,21001,,,43
021002 .::. Anra,21002,,,20
021003 .::. Cajay,21003,,,71
021004 .::. Chavin De Huantar,21004,,,70
021005 .::. Huacachi,21005,,,38
021006 .::. Huacchis,21006,,,31
021007 .::. Huachis,21007,,,59
021008 .::. Huantar,21008,,,21
021009 .::. Masin,21009,,,45
021010 .::. Paucas,21010,,,35
021011 .::. Ponto,21011,,,42
021012 .::. Rahuapampa,21012,,,11
021013 .::. Rapayan,21013,,,15
021014 .::. San Marcos,21014,,,118
021015 .::. San Pedro De Chana,21015,,,27
021016 .::. Uco,21016,,,22
0211 .::. Huarmey,211,,5,156
021101 .::. Huarmey,21101,,,38
021102 .::. Cochapeti,21102,,,36
021103 .::. Culebras,21103,,,18
021104 .::. Huayan,21104,,,27
021105 .::. Malvas,21105,,,37
0212 .::. Huaylas,212,,10,420
021201 .::. Caraz,21201,,,50
021202 .::. Huallanca,21202,,,21
021203 .::. Huata,21203,,,48
021204 .::. Huaylas,21204,,,14
021205 .::. Mato,21205,,,39
021206 .::. Pamparomas,21206,,,87
021207 .::. Pueblo Libre,21207,,,53
021208 .::. Santa Cruz,21208,,,57
021209 .::. Santo Toribio,21209,,,14
021210 .::. Yuracmarca,21210,,,37
0213 .::. Mariscal Luzuriaga,213,,8,307
021301 .::. Piscobamba,21301,,,48
021302 .::. Casca,21302,,,47
021303 .::. Eleazar Guzman Barron,21303,,,6
021304 .::. Fidel Olivas Escudero,21304,,,33
021305 .::. Llama,21305,,,22
021306 .::. Llumpa,21306,,,74
021307 .::. Lucma,21307,,,46
021308 .::. Musga,21308,,,31
0214 .::. Ocros,214,,10,347
021401 .::. Ocros,21401,,,56
021402 .::. Acas,21402,,,24
021403 .::. Cajamarquilla,21403,,,8
021404 .::. Carhuapampa,21404,,,21
021405 .::. Cochas,21405,,,28
021406 .::. Congas,21406,,,91
021407 .::. Llipa,21407,,,15
021408 .::. San Cristobal De Rajan,21408,,,17
021409 .::. San Pedro,21409,,,53
021410 .::. Santiago De Chilcas,21410,,,34
0215 .::. Pallasca,215,,11,518
021501 .::. Cabana,21501,,,88
021502 .::. Bolognesi,21502,,,24
021503 .::. Conchucos,21503,,,89
021504 .::. Huacaschuque,21504,,,14
021505 .::. Huandoval,21505,,,41
021506 .::. Lacabamba,21506,,,28
021507 .::. Llapo,21507,,,10
021508 .::. Pallasca,21508,,,83
021509 .::. Pampas,21509,,,69
021510 .::. Santa Rosa,21510,,,18
021511 .::. Tauca,21511,,,54
0216 .::. Pomabamba,216,,4,342
021601 .::. Pomabamba,21601,,,191
021602 .::. Huayllan,21602,,,34
021603 .::. Parobamba,21603,,,74
021604 .::. Quinuabamba,21604,,,43
0217 .::. Recuay,217,,10,445
021701 .::. Recuay,21701,,,76
021702 .::. Catac,21702,,,97
021703 .::. Cotaparaco,21703,,,30
021704 .::. Huayllapampa,21704,,,69
021705 .::. Llacllin,21705,,,10
021706 .::. Marca,21706,,,42
021707 .::. Pampas Chico,21707,,,27
021708 .::. Pararin,21708,,,26
021709 .::. Tapacocha,21709,,,32
021710 .::. Ticapampa,21710,,,36
0218 .::. Santa,218,,9,441
021801 .::. Chimbote,21801,,,76
021802 .::. Caceres Del Peru,21802,,,124
021803 .::. Coishco,21803,,,1
021804 .::. Macate,21804,,,108
021805 .::. Moro,21805,,,68
021806 .::. Nepeña,21806,,,33
021807 .::. Samanco,21807,,,10
021808 .::. Santa,21808,,,19
021809 .::. Nuevo Chimbote,21809,,,2
0219 .::. Sihuas,219,,10,331
021901 .::. Sihuas,21901,,,28
021902 .::. Acobamba,21902,,,15
021903 .::. Alfonso Ugarte,21903,,,7
021904 .::. Cashapampa,21904,,,49
021905 .::. Chingalpo,21905,,,11
021906 .::. Huayllabamba,21906,,,36
021907 .::. Quiches,21907,,,25
021908 .::. Ragash,21908,,,42
021909 .::. San Juan,21909,,,92
021910 .::. Sicsibamba,21910,,,26
0220 .::. Yungay,220,,8,362
022001 .::. Yungay,22001,,,91
022002 .::. Cascapara,22002,,,22
022003 .::. Mancos,22003,,,49
022004 .::. Matacoto,22004,,,36
022005 .::. Quillo,22005,,,75
022006 .::. Ranrahirca,22006,,,15
022007 .::. Shupluy,22007,,,26
022008 .::. Yanama,22008,,,48
03 .::. Apurímac,3,7,80,3735
0301 .::. Abancay,301,,9,590
030101 .::. Abancay,30101,,,49
030102 .::. Chacoche,30102,,,10
030103 .::. Circa,30103,,,82
030104 .::. Curahuasi,30104,,,136
030105 .::. Huanipaca,30105,,,77
030106 .::. Lambrama,30106,,,64
030107 .::. Pichirhua,30107,,,91
030108 .::. San Pedro De Cachora,30108,,,48
030109 .::. Tamburco,30109,,,33
0302 .::. Andahuaylas,302,,19,800
030201 .::. Andahuaylas,30201,,,48
030202 .::. Andarapa,30202,,,35
030203 .::. Chiara,30203,,,21
030204 .::. Huancarama,30204,,,40
030205 .::. Huancaray,30205,,,58
030206 .::. Huayana,30206,,,17
030207 .::. Kishuara,30207,,,51
030208 .::. Pacobamba,30208,,,46
030209 .::. Pacucha,30209,,,47
030210 .::. Pampachiri,30210,,,106
030211 .::. Pomacocha,30211,,,21
030212 .::. San Antonio De Cachi,30212,,,44
030213 .::. San Jeronimo,30213,,,34
030214 .::. San Miguel De Chaccrampa,30214,,,27
030215 .::. Santa Maria De Chicmo,30215,,,48
030216 .::. Talavera,30216,,,69
030217 .::. Tumay Huaraca,30217,,,43
030218 .::. Turpo,30218,,,36
030219 .::. Kaquiabamba,30219,,,9
0303 .::. Antabamba,303,,7,458
030301 .::. Antabamba,30301,,,105
030302 .::. El Oro,30302,,,10
030303 .::. Huaquirca,30303,,,53
030304 .::. Juan Espinoza Medrano,30304,,,108
030305 .::. Oropesa,30305,,,103
030306 .::. Pachaconas,30306,,,27
030307 .::. Sabaino,30307,,,52
0304 .::. Aymaraes,304,,17,627
030401 .::. Chalhuanca,30401,,,50
030402 .::. Capaya,30402,,,17
030403 .::. Caraybamba,30403,,,25
030404 .::. Chapimarca,30404,,,62
030405 .::. Colcabamba,30405,,,19
030406 .::. Cotaruse,30406,,,87
030407 .::. Huayllo,30407,,,22
030408 .::. Justo Apu Sahuaraura,30408,,,21
030409 .::. Lucre,30409,,,61
030410 .::. Pocohuanca,30410,,,24
030411 .::. San Juan De Chacña,30411,,,39
030412 .::. Sañayca,30412,,,28
030413 .::. Soraya,30413,,,19
030414 .::. Tapairihua,30414,,,32
030415 .::. Tintay,30415,,,67
030416 .::. Toraya,30416,,,17
030417 .::. Yanaca,30417,,,37
0305 .::. Cotabambas,305,,6,556
030501 .::. Tambobamba,30501,,,126
030502 .::. Cotabambas,30502,,,68
030503 .::. Coyllurqui,30503,,,77
030504 .::. Haquira,30504,,,135
030505 .::. Mara,30505,,,54
030506 .::. Challhuahuacho,30506,,,96
0306 .::. Chincheros,306,,8,344
030601 .::. Chincheros,30601,,,30
030602 .::. Anco_huallo,30602,,,34
030603 .::. Cocharcas,30603,,,31
030604 .::. Huaccana,30604,,,118
030605 .::. Ocobamba,30605,,,39
030606 .::. Ongoy,30606,,,49
030607 .::. Uranmarca,30607,,,22
030608 .::. Ranracancha,30608,,,21
0307 .::. Grau,307,,14,360
030701 .::. Chuquibambilla,30701,,,83
030702 .::. Curpahuasi,30702,,,29
030703 .::. Gamarra,30703,,,54
030704 .::. Huayllati,30704,,,16
030705 .::. Mamara,30705,,,13
030706 .::. Micaela Bastidas,30706,,,18
030707 .::. Pataypampa,30707,,,16
030708 .::. Progreso,30708,,,32
030709 .::. San Antonio,30709,,,17
030710 .::. Santa Rosa,30710,,,8
030711 .::. Turpay,30711,,,15
030712 .::. Vilcabamba,30712,,,14
030713 .::. Virundo,30713,,,19
030714 .::. Curasco,30714,,,26
04 .::. Arequipa,4,8,109,4629
0401 .::. Arequipa,401,,29,587
040101 .::. Arequipa,40101,,,1
040102 .::. Alto Selva Alegre,40102,,,1
040103 .::. Cayma,40103,,,2
040104 .::. Cerro Colorado,40104,,,7
040105 .::. Characato,40105,,,7
040106 .::. Chiguata,40106,,,24
040107 .::. Jacobo Hunter,40107,,,1
040108 .::. La Joya,40108,,,49
040109 .::. Mariano Melgar,40109,,,1
040110 .::. Miraflores,40110,,,1
040111 .::. Mollebaya,40111,,,13
040112 .::. Paucarpata,40112,,,1
040113 .::. Pocsi,40113,,,12
040114 .::. Polobaya,40114,,,38
040115 .::. Quequeña,40115,,,5
040116 .::. Sabandia,40116,,,14
040117 .::. Sachaca,40117,,,3
040118 .::. San Juan De Siguas,40118,,,22
040119 .::. San Juan De Tarucani,40119,,,163
040120 .::. Santa Isabel De Siguas,40120,,,35
040121 .::. Santa Rita De Siguas,40121,,,16
040122 .::. Socabaya,40122,,,14
040123 .::. Tiabaya,40123,,,10
040124 .::. Uchumayo,40124,,,32
040125 .::. Vitor,40125,,,34
040126 .::. Yanahuara,40126,,,1
040127 .::. Yarabamba,40127,,,18
040128 .::. Yura,40128,,,61
040129 .::. Jose Luis Bustamante Y Rivero,40129,,,1
0402 .::. Camaná,402,,8,119
040201 .::. Camana,40201,,,1
040202 .::. Jose Maria Quimper,40202,,,9
040203 .::. Mariano Nicolas Valcarcel,40203,,,18
040204 .::. Mariscal Caceres,40204,,,13
040205 .::. Nicolas De Pierola,40205,,,22
040206 .::. Ocoña,40206,,,21
040207 .::. Quilca,40207,,,14
040208 .::. Samuel Pastor,40208,,,21
0403 .::. Caravelí,403,,13,249
040301 .::. Caraveli,40301,,,19
040302 .::. Acari,40302,,,13
040303 .::. Atico,40303,,,23
040304 .::. Atiquipa,40304,,,22
040305 .::. Bella Union,40305,,,43
040306 .::. Cahuacho,40306,,,12
040307 .::. Chala,40307,,,5
040308 .::. Chaparra,40308,,,33
040309 .::. Huanuhuanu,40309,,,13
040310 .::. Jaqui,40310,,,27
040311 .::. Lomas,40311,,,6
040312 .::. Quicacha,40312,,,24
040313 .::. Yauca,40313,,,9
0404 .::. Castilla,404,,14,598
040401 .::. Aplao,40401,,,39
040402 .::. Andagua,40402,,,17
040403 .::. Ayo,40403,,,8
040404 .::. Chachas,40404,,,89
040405 .::. Chilcaymarca,40405,,,21
040406 .::. Choco,40406,,,110
040407 .::. Huancarqui,40407,,,26
040408 .::. Machaguay,40408,,,44
040409 .::. Orcopampa,40409,,,61
040410 .::. Pampacolca,40410,,,76
040411 .::. Tipan,40411,,,26
040412 .::. Uñon,40412,,,7
040413 .::. Uraca,40413,,,47
040414 .::. Viraco,40414,,,27
0405 .::. Caylloma,405,,20,2246
040501 .::. Chivay,40501,,,48
040502 .::. Achoma,40502,,,46
040503 .::. Cabanaconde,40503,,,38
040504 .::. Callalli,40504,,,521
040505 .::. Caylloma,40505,,,321
040506 .::. Coporaque,40506,,,11
040507 .::. Huambo,40507,,,46
040508 .::. Huanca,40508,,,61
040509 .::. Ichupampa,40509,,,32
040510 .::. Lari,40510,,,62
040511 .::. Lluta,40511,,,104
040512 .::. Maca,40512,,,12
040513 .::. Madrigal,40513,,,18
040514 .::. San Antonio De Chuca,40514,,,256
040515 .::. Sibayo,40515,,,88
040516 .::. Tapay,40516,,,62
040517 .::. Tisco,40517,,,306
040518 .::. Tuti,40518,,,74
040519 .::. Yanque,40519,,,120
040520 .::. Majes,40520,,,20
0406 .::. Condesuyos,406,,8,347
040601 .::. Chuquibamba,40601,,,44
040602 .::. Andaray,40602,,,34
040603 .::. Cayarani,40603,,,106
040604 .::. Chichas,40604,,,22
040605 .::. Iray,40605,,,14
040606 .::. Rio Grande,40606,,,25
040607 .::. Salamanca,40607,,,47
040608 .::. Yanaquihua,40608,,,55
0407 .::. Islay,407,,6,80
040701 .::. Mollendo,40701,,,11
040702 .::. Cocachacra,40702,,,28
040703 .::. Dean Valdivia,40703,,,17
040704 .::. Islay,40704,,,1
040705 .::. Mejia,40705,,,8
040706 .::. Punta De Bombon,40706,,,15
0408 .::. La Uniòn,408,,11,403
040801 .::. Cotahuasi,40801,,,25
040802 .::. Alca,40802,,,9
040803 .::. Charcana,40803,,,25
040804 .::. Huaynacotas,40804,,,81
040805 .::. Pampamarca,40805,,,48
040806 .::. Puyca,40806,,,114
040807 .::. Quechualla,40807,,,21
040808 .::. Sayla,40808,,,22
040809 .::. Tauria,40809,,,13
040810 .::. Tomepampa,40810,,,11
040811 .::. Toro,40811,,,34
05 .::. Ayacucho,5,11,112,6697
0501 .::. Huamanga,501,,15,657
050101 .::. Ayacucho,50101,,,26
050102 .::. Acocro,50102,,,47
050103 .::. Acos Vinchos,50103,,,42
050104 .::. Carmen Alto,50104,,,0
050105 .::. Chiara,50105,,,50
050106 .::. Ocros,50106,,,82
050107 .::. Pacaycasa,50107,,,13
050108 .::. Quinua,50108,,,42
050109 .::. San Jose De Ticllas,50109,,,29
050110 .::. San Juan Bautista,50110,,,8
050111 .::. Santiago De Pischa,50111,,,32
050112 .::. Socos,50112,,,35
050113 .::. Tambillo,50113,,,47
050114 .::. Vinchos,50114,,,191
050115 .::. Jesus Nazareno,50115,,,13
0502 .::. Cangallo,502,,6,571
050201 .::. Cangallo,50201,,,55
050202 .::. Chuschi,50202,,,60
050203 .::. Los Morochucos,50203,,,90
050204 .::. Maria Parado De Bellido,50204,,,44
050205 .::. Paras,50205,,,256
050206 .::. Totos,50206,,,66
0503 .::. Huanca Sancos,503,,4,502
050301 .::. Sancos,50301,,,139
050302 .::. Carapo,50302,,,113
050303 .::. Sacsamarca,50303,,,104
050304 .::. Santiago De Lucanamarca,50304,,,146
0504 .::. Huanta,504,,8,489
050401 .::. Huanta,50401,,,100
050402 .::. Ayahuanco,50402,,,76
050403 .::. Huamanguilla,50403,,,33
050404 .::. Iguain,50404,,,33
050405 .::. Luricocha,50405,,,57
050406 .::. Santillana,50406,,,78
050407 .::. Sivia,50407,,,69
050408 .::. Llochegua,50408,,,43
0505 .::. La Mar,505,,9,507
050501 .::. San Miguel,50501,,,69
050502 .::. Anco,50502,,,86
050503 .::. Ayna,50503,,,43
050504 .::. Chilcas,50504,,,36
050505 .::. Chungui,50505,,,98
050506 .::. Luis Carranza,50506,,,32
050507 .::. Santa Rosa,50507,,,43
050508 .::. Tambo,50508,,,70
050509 .::. Samugari,50509,,,30
0506 .::. Lucanas,506,,21,1872
050601 .::. Puquio,50601,,,141
050602 .::. Aucara,50602,,,69
050603 .::. Cabana,50603,,,50
050604 .::. Carmen Salcedo,50604,,,38
050605 .::. Chaviña,50605,,,97
050606 .::. Chipao,50606,,,82
050607 .::. Huac-huas,50607,,,142
050608 .::. Laramate,50608,,,112
050609 .::. Leoncio Prado,50609,,,74
050610 .::. Llauta,50610,,,64
050611 .::. Lucanas,50611,,,188
050612 .::. Ocaña,50612,,,137
050613 .::. Otoca,50613,,,87
050614 .::. Saisa,50614,,,77
050615 .::. San Cristobal,50615,,,55
050616 .::. San Juan,50616,,,6
050617 .::. San Pedro,50617,,,61
050618 .::. San Pedro De Palco,50618,,,239
050619 .::. Sancos,50619,,,100
050620 .::. Santa Ana De Huaycahuacho,50620,,,8
050621 .::. Santa Lucia,50621,,,45
0507 .::. Parinacochas,507,,8,719
050701 .::. Coracora,50701,,,278
050702 .::. Chumpi,50702,,,50
050703 .::. Coronel Castañeda,50703,,,26
050704 .::. Pacapausa,50704,,,56
050705 .::. Pullo,50705,,,98
050706 .::. Puyusca,50706,,,61
050707 .::. San Francisco De Ravacayco,50707,,,50
050708 .::. Upahuacho,50708,,,100
0508 .::. Pàucar del Sara Sara,508,,10,220
050801 .::. Pausa,50801,,,28
050802 .::. Colta,50802,,,17
050803 .::. Corculla,50803,,,14
050804 .::. Lampa,50804,,,26
050805 .::. Marcabamba,50805,,,18
050806 .::. Oyolo,50806,,,74
050807 .::. Pararca,50807,,,7
050808 .::. San Javier De Alpabamba,50808,,,14
050809 .::. San Jose De Ushua,50809,,,9
050810 .::. Sara Sara,50810,,,13
0509 .::. Sucre,509,,11,289
050901 .::. Querobamba,50901,,,39
050902 .::. Belen,50902,,,4
050903 .::. Chalcos,50903,,,16
050904 .::. Chilcayoc,50904,,,13
050905 .::. Huacaña,50905,,,24
050906 .::. Morcolla,50906,,,38
050907 .::. Paico,50907,,,15
050908 .::. San Pedro De Larcay,50908,,,26
050909 .::. San Salvador De Quije,50909,,,39
050910 .::. Santiago De Paucaray,50910,,,28
050911 .::. Soras,50911,,,47
0510 .::. Víctor Fajardo,510,,12,596
051001 .::. Huancapi,51001,,,76
051002 .::. Alcamenca,51002,,,17
051003 .::. Apongo,51003,,,5
051004 .::. Asquipata,51004,,,7
051005 .::. Canaria,51005,,,117
051006 .::. Cayara,51006,,,31
051007 .::. Colca,51007,,,35
051008 .::. Huamanquiquia,51008,,,31
051009 .::. Huancaraylla,51009,,,32
051010 .::. Huaya,51010,,,72
051011 .::. Sarhua,51011,,,34
051012 .::. Vilcanchos,51012,,,139
0511 .::. Vilcas Huamán,511,,8,275
051101 .::. Vilcas Huaman,51101,,,64
051102 .::. Accomarca,51102,,,18
051103 .::. Carhuanca,51103,,,20
051104 .::. Concepcion,51104,,,58
051105 .::. Huambalpa,51105,,,32
051106 .::. Independencia,51106,,,24
051107 .::. Saurama,51107,,,9
051108 .::. Vischongo,51108,,,50
06 .::. Cajamarca,6,13,127,6139
0601 .::. Cajamarca,601,,12,826
060101 .::. Cajamarca,60101,,,130
060102 .::. Asuncion,60102,,,81
060103 .::. Chetilla,60103,,,37
060104 .::. Cospan,60104,,,60
060105 .::. Encañada,60105,,,107
060106 .::. Jesus,60106,,,65
060107 .::. Llacanora,60107,,,47
060108 .::. Los Baños Del Inca,60108,,,72
060109 .::. Magdalena,60109,,,117
060110 .::. Matara,60110,,,21
060111 .::. Namora,60111,,,46
060112 .::. San Juan,60112,,,43
0602 .::. Cajabamba,602,,4,303
060201 .::. Cajabamba,60201,,,45
060202 .::. Cachachi,60202,,,158
060203 .::. Condebamba,60203,,,60
060204 .::. Sitacocha,60204,,,40
0603 .::. Celendín,603,,12,509
060301 .::. Celendin,60301,,,61
060302 .::. Chumuch,60302,,,21
060303 .::. Cortegana,60303,,,58
060304 .::. Huasmin,60304,,,73
060305 .::. Jorge Chavez,60305,,,17
060306 .::. Jose Galvez,60306,,,23
060307 .::. Miguel Iglesias,60307,,,21
060308 .::. Oxamarca,60308,,,58
060309 .::. Sorochuco,60309,,,76
060310 .::. Sucre,60310,,,32
060311 .::. Utco,60311,,,39
060312 .::. La Libertad De Pallan,60312,,,30
0604 .::. Chota,604,,19,741
060401 .::. Chota,60401,,,92
060402 .::. Anguia,60402,,,15
060403 .::. Chadin,60403,,,22
060404 .::. Chiguirip,60404,,,17
060405 .::. Chimban,60405,,,28
060406 .::. Choropampa,60406,,,22
060407 .::. Cochabamba,60407,,,30
060408 .::. Conchan,60408,,,42
060409 .::. Huambos,60409,,,58
060410 .::. Lajas,60410,,,38
060411 .::. Llama,60411,,,83
060412 .::. Miracosta,60412,,,40
060413 .::. Paccha,60413,,,22
060414 .::. Pion,60414,,,13
060415 .::. Querocoto,60415,,,52
060416 .::. San Juan De Licupis,60416,,,29
060417 .::. Tacabamba,60417,,,66
060418 .::. Tocmoche,60418,,,35
060419 .::. Chalamarca,60419,,,37
0605 .::. Contumazá,605,,8,450
060501 .::. Contumaza,60501,,,120
060502 .::. Chilete,60502,,,35
060503 .::. Cupisnique,60503,,,47
060504 .::. Guzmango,60504,,,50
060505 .::. San Benito,60505,,,68
060506 .::. Santa Cruz De Toled,60506,,,61
060507 .::. Tantarica,60507,,,37
060508 .::. Yonan,60508,,,32
0606 .::. Cutervo,606,,15,611
060601 .::. Cutervo,60601,,,127
060602 .::. Callayuc,60602,,,68
060603 .::. Choros,60603,,,33
060604 .::. Cujillo,60604,,,22
060605 .::. La Ramada,60605,,,16
060606 .::. Pimpingos,60606,,,38
060607 .::. Querocotillo,60607,,,77
060608 .::. San Andres De Cutervo,60608,,,13
060609 .::. San Juan De Cutervo,60609,,,21
060610 .::. San Luis De Lucma,60610,,,21
060611 .::. Santa Cruz,60611,,,48
060612 .::. Santo Domingo De La Capilla,60612,,,24
060613 .::. Santo Tomas,60613,,,39
060614 .::. Socota,60614,,,36
060615 .::. Toribio Casanova,60615,,,28
0607 .::. Hualgayoc,607,,3,228
060701 .::. Bambamarca,60701,,,166
060702 .::. Chugur,60702,,,15
060703 .::. Hualgayoc,60703,,,47
0608 .::. Jaén,608,,12,827
060801 .::. Jaen,60801,,,118
060802 .::. Bellavista,60802,,,77
060803 .::. Chontali,60803,,,46
060804 .::. Colasay,60804,,,115
060805 .::. Huabal,60805,,,31
060806 .::. Las Pirias,60806,,,39
060807 .::. Pomahuaca,60807,,,81
060808 .::. Pucara,60808,,,30
060809 .::. Sallique,60809,,,102
060810 .::. San Felipe,60810,,,80
060811 .::. San Jose Del Alto,60811,,,47
060812 .::. Santa Rosa,60812,,,61
0609 .::. San Ignacio,609,,7,536
060901 .::. San Ignacio,60901,,,89
060902 .::. Chirinos,60902,,,70
060903 .::. Huarango,60903,,,88
060904 .::. La Coipa,60904,,,83
060905 .::. Namballe,60905,,,39
060906 .::. San Jose De Lourdes,60906,,,78
060907 .::. Tabaconas,60907,,,89
0610 .::. San Marcos,610,,7,258
061001 .::. Pedro Galvez,61001,,,52
061002 .::. Chancay,61002,,,25
061003 .::. Eduardo Villanueva,61003,,,11
061004 .::. Gregorio Pita,61004,,,44
061005 .::. Ichocan,61005,,,15
061006 .::. Jose Manuel Quiroz,61006,,,47
061007 .::. Jose Sabogal,61007,,,64
0611 .::. San Miguel,611,,13,422
061101 .::. San Miguel,61101,,,58
061102 .::. Bolivar,61102,,,34
061103 .::. Calquis,61103,,,23
061104 .::. Catilluc,61104,,,21
061105 .::. El Prado,61105,,,15
061106 .::. La Florida,61106,,,28
061107 .::. Llapa,61107,,,25
061108 .::. Nanchoc,61108,,,45
061109 .::. Niepos,61109,,,42
061110 .::. San Gregorio,61110,,,47
061111 .::. San Silvestre De Cochan,61111,,,34
061112 .::. Tongod,61112,,,19
061113 .::. Union Agua Blanca,61113,,,31
0612 .::. San Pablo,612,,4,107
061201 .::. San Pablo,61201,,,45
061202 .::. San Bernardino,61202,,,27
061203 .::. San Luis,61203,,,16
061204 .::. Tumbaden,61204,,,19
0613 .::. Santa Cruz,613,,11,321
061301 .::. Santa Cruz,61301,,,54
061302 .::. Andabamba,61302,,,13
061303 .::. Catache,61303,,,74
061304 .::. Chancaybaños,61304,,,30
061305 .::. La Esperanza,61305,,,34
061306 .::. Ninabamba,61306,,,13
061307 .::. Pulan,61307,,,31
061308 .::. Saucepampa,61308,,,10
061309 .::. Sexi,61309,,,35
061310 .::. Uticyacu,61310,,,10
061311 .::. Yauyucan,61311,,,17
07 .::. Callao,7,1,6,0
0701 .::. Prov. Const. del Callao,701,,6,0
070101 .::. Callao,70101,,,0
070102 .::. Bellavista,70102,,,0
070103 .::. Carmen De La Legua Reynoso,70103,,,0
070104 .::. La Perla,70104,,,0
070105 .::. La Punta,70105,,,0
070106 .::. Ventanilla,70106,,,0
08 .::. Cusco,8,13,108,919
0801 .::. Cusco,801,,8,14
080101 .::. Cusco,80101,,,7
080102 .::. Ccorca,80102,,,7
080103 .::. Poroy,80103,,,0
080104 .::. San Jeronimo,80104,,,0
080105 .::. San Sebastian,80105,,,0
080106 .::. Santiago,80106,,,0
080107 .::. Saylla,80107,,,0
080108 .::. Wanchaq,80108,,,0
0802 .::. Acomayo,802,,7,17
080201 .::. Acomayo,80201,,,0
080202 .::. Acopia,80202,,,0
080203 .::. Acos,80203,,,0
080204 .::. Mosoc Llacta,80204,,,0
080205 .::. Pomacanchi,80205,,,0
080206 .::. Rondocan,80206,,,12
080207 .::. Sangarara,80207,,,5
0803 .::. Anta,803,,9,228
080301 .::. Anta,80301,,,12
080302 .::. Ancahuasi,80302,,,30
080303 .::. Cachimayo,80303,,,1
080304 .::. Chinchaypujio,80304,,,23
080305 .::. Huarocondo,80305,,,67
080306 .::. Limatambo,80306,,,58
080307 .::. Mollepata,80307,,,28
080308 .::. Pucyura,80308,,,0
080309 .::. Zurite,80309,,,9
0804 .::. Calca,804,,8,209
080401 .::. Calca,80401,,,31
080402 .::. Coya,80402,,,4
080403 .::. Lamay,80403,,,10
080404 .::. Lares,80404,,,34
080405 .::. Pisac,80405,,,8
080406 .::. San Salvador,80406,,,9
080407 .::. Taray,80407,,,5
080408 .::. Yanatile,80408,,,108
0805 .::. Canas,805,,8,12
080501 .::. Yanaoca,80501,,,0
080502 .::. Checca,80502,,,11
080503 .::. Kunturkanki,80503,,,1
080504 .::. Langui,80504,,,0
080505 .::. Layo,80505,,,0
080506 .::. Pampamarca,80506,,,0
080507 .::. Quehue,80507,,,0
080508 .::. Tupac Amaru,80508,,,0
0806 .::. Canchis,806,,8,61
080601 .::. Sicuani,80601,,,29
080602 .::. Checacupe,80602,,,0
080603 .::. Combapata,80603,,,0
080604 .::. Marangani,80604,,,0
080605 .::. Pitumarca,80605,,,32
080606 .::. San Pablo,80606,,,0
080607 .::. San Pedro,80607,,,0
080608 .::. Tinta,80608,,,0
0807 .::. Chumbivilcas,807,,8,42
080701 .::. Santo Tomas,80701,,,1
080702 .::. Capacmarca,80702,,,0
080703 .::. Chamaca,80703,,,1
080704 .::. Colquemarca,80704,,,4
080705 .::. Livitaca,80705,,,16
080706 .::. Llusco,80706,,,0
080707 .::. Quiñota,80707,,,0
080708 .::. Velille,80708,,,20
0808 .::. Espinar,808,,8,160
080801 .::. Espinar,80801,,,15
080802 .::. Condoroma,80802,,,28
080803 .::. Coporaque,80803,,,86
080804 .::. Ocoruro,80804,,,1
080805 .::. Pallpata,80805,,,26
080806 .::. Pichigua,80806,,,4
080807 .::. Suyckutambo,80807,,,0
080808 .::. Alto Pichigua,80808,,,0
0809 .::. La Convención,809,,10,94
080901 .::. Santa Ana,80901,,,4
080902 .::. Echarate,80902,,,10
080903 .::. Huayopata,80903,,,19
080904 .::. Maranura,80904,,,3
080905 .::. Ocobamba,80905,,,7
080906 .::. Quellouno,80906,,,13
080907 .::. Kimbiri,80907,,,0
080908 .::. Santa Teresa,80908,,,33
080909 .::. Vilcabamba,80909,,,5
080910 .::. Pichari,80910,,,0
0810 .::. Paruro,810,,9,27
081001 .::. Paruro,81001,,,0
081002 .::. Accha,81002,,,0
081003 .::. Ccapi,81003,,,1
081004 .::. Colcha,81004,,,0
081005 .::. Huanoquite,81005,,,26
081006 .::. Omacha,81006,,,0
081007 .::. Paccaritambo,81007,,,0
081008 .::. Pillpinto,81008,,,0
081009 .::. Yaurisque,81009,,,0
0811 .::. Paucartambo,811,,6,15
081101 .::. Paucartambo,81101,,,3
081102 .::. Caicay,81102,,,1
081103 .::. Challabamba,81103,,,11
081104 .::. Colquepata,81104,,,0
081105 .::. Huancarani,81105,,,0
081106 .::. Kosñipata,81106,,,0
0812 .::. Quispicanchi,812,,12,32
081201 .::. Urcos,81201,,,0
081202 .::. Andahuaylillas,81202,,,0
081203 .::. Camanti,81203,,,0
081204 .::. Ccarhuayo,81204,,,0
081205 .::. Ccatca,81205,,,31
081206 .::. Cusipata,81206,,,0
081207 .::. Huaro,81207,,,0
081208 .::. Lucre,81208,,,0
081209 .::. Marcapata,81209,,,1
081210 .::. Ocongate,81210,,,0
081211 .::. Oropesa,81211,,,0
081212 .::. Quiquijana,81212,,,0
0813 .::. Urubamba,813,,7,8
081301 .::. Urubamba,81301,,,0
081302 .::. Chinchero,81302,,,0
081303 .::. Huayllabamba,81303,,,0
081304 .::. Machupicchu,81304,,,8
081305 .::. Maras,81305,,,0
081306 .::. Ollantaytambo,81306,,,0
081307 .::. Yucay,81307,,,0
09 .::. Huancavelica,9,7,95,6436
0901 .::. Huancavelica,901,,19,1149
090101 .::. Huancavelica,90101,,,74
090102 .::. Acobambilla,90102,,,35
090103 .::. Acoria,90103,,,169
090104 .::. Conayca,90104,,,19
090105 .::. Cuenca,90105,,,65
090106 .::. Huachocolpa,90106,,,61
090107 .::. Huayllahuara,90107,,,35
090108 .::. Izcuchaca,90108,,,12
090109 .::. Laria,90109,,,48
090110 .::. Manta,90110,,,79
090111 .::. Mariscal Caceres,90111,,,1
090112 .::. Moya,90112,,,26
090113 .::. Nuevo Occoro,90113,,,124
090114 .::. Palca,90114,,,64
090115 .::. Pilchaca,90115,,,15
090116 .::. Vilca,90116,,,48
090117 .::. Yauli,90117,,,98
090118 .::. Ascension,90118,,,55
090119 .::. Huando,90119,,,121
0902 .::. Acobamba,902,,8,367
090201 .::. Acobamba,90201,,,60
090202 .::. Andabamba,90202,,,39
090203 .::. Anta,90203,,,50
090204 .::. Caja,90204,,,46
090205 .::. Marcas,90205,,,20
090206 .::. Paucara,90206,,,81
090207 .::. Pomacocha,90207,,,25
090208 .::. Rosario,90208,,,46
0903 .::. Angaraes,903,,12,574
090301 .::. Lircay,90301,,,236
090302 .::. Anchonga,90302,,,47
090303 .::. Callanmarca,90303,,,7
090304 .::. Ccochaccasa,90304,,,40
090305 .::. Chincho,90305,,,21
090306 .::. Congalla,90306,,,83
090307 .::. Huanca-huanca,90307,,,25
090308 .::. Huayllay Grande,90308,,,15
090309 .::. Julcamarca,90309,,,20
090310 .::. San Antonio De Antaparco,90310,,,15
090311 .::. Santo Tomas De Pata,90311,,,34
090312 .::. Secclla,90312,,,31
0904 .::. Castrovirreyna,904,,13,1538
090401 .::. Castrovirreyna,90401,,,178
090402 .::. Arma,90402,,,237
090403 .::. Aurahua,90403,,,179
090404 .::. Capillas,90404,,,183
090405 .::. Chupamarca,90405,,,61
090406 .::. Cocas,90406,,,42
090407 .::. Huachos,90407,,,117
090408 .::. Huamatambo,90408,,,47
090409 .::. Mollepampa,90409,,,121
090410 .::. San Juan,90410,,,40
090411 .::. Santa Ana,90411,,,201
090412 .::. Tantara,90412,,,47
090413 .::. Ticrapo,90413,,,85
0905 .::. Churcampa,905,,11,510
090501 .::. Churcampa,90501,,,82
090502 .::. Anco,90502,,,89
090503 .::. Chinchihuasi,90503,,,51
090504 .::. El Carmen,90504,,,48
090505 .::. La Merced,90505,,,6
090506 .::. Locroja,90506,,,29
090507 .::. Paucarbamba,90507,,,69
090508 .::. San Miguel De Mayocc,90508,,,12
090509 .::. San Pedro De Coris,90509,,,35
090510 .::. Pachamarca,90510,,,53
090511 .::. Cosme,90511,,,36
0906 .::. Huaytará,906,,16,1440
090601 .::. Huaytara,90601,,,83
090602 .::. Ayavi,90602,,,37
090603 .::. Cordova,90603,,,84
090604 .::. Huayacundo Arma,90604,,,26
090605 .::. Laramarca,90605,,,66
090606 .::. Ocoyo,90606,,,74
090607 .::. Pilpichaca,90607,,,353
090608 .::. Querco,90608,,,62
090609 .::. Quito-arma,90609,,,61
090610 .::. San Antonio De Cusicancha,90610,,,147
090611 .::. San Francisco De Sangayaico,90611,,,26
090612 .::. San Isidro,90612,,,48
090613 .::. Santiago De Chocorvos,90613,,,195
090614 .::. Santiago De Quirahuara,90614,,,59
090615 .::. Santo Domingo De Capillas,90615,,,54
090616 .::. Tambo,90616,,,65
0907 .::. Tayacaja,907,,16,858
090701 .::. Pampas,90701,,,38
090702 .::. Acostambo,90702,,,52
090703 .::. Acraquia,90703,,,33
090704 .::. Ahuaycha,90704,,,38
090705 .::. Colcabamba,90705,,,205
090706 .::. Daniel Hernandez,90706,,,42
090707 .::. Huachocolpa,90707,,,26
090709 .::. Huaribamba,90709,,,66
090710 .::. ÑAhuimpuquio,90710,,,11
090711 .::. Pazos,90711,,,34
090713 .::. Quishuar,90713,,,17
090714 .::. Salcabamba,90714,,,49
090715 .::. Salcahuasi,90715,,,30
090716 .::. San Marcos De Rocchac,90716,,,47
090717 .::. Surcubamba,90717,,,97
090718 .::. Tintay Puncu,90718,,,73
10 .::. Huánuco,10,11,77,460
1001 .::. Huánuco,1001,,12,94
100101 .::. Huanuco,100101,,,9
100102 .::. Amarilis,100102,,,17
100103 .::. Chinchao,100103,,,0
100104 .::. Churubamba,100104,,,0
100105 .::. Margos,100105,,,33
100106 .::. Quisqui (kichki),100106,,,0
100107 .::. San Francisco De Cayran,100107,,,4
100108 .::. San Pedro De Chaulan,100108,,,23
100109 .::. Santa Maria Del Valle,100109,,,0
100110 .::. Yarumayo,100110,,,1
100111 .::. Pillco Marca,100111,,,0
100112 .::. Yacus,100112,,,7
1002 .::. Ambo,1002,,8,23
100201 .::. Ambo,100201,,,0
100202 .::. Cayna,100202,,,8
100203 .::. Colpas,100203,,,6
100204 .::. Conchamarca,100204,,,0
100205 .::. Huacar,100205,,,9
100206 .::. San Francisco,100206,,,0
100207 .::. San Rafael,100207,,,0
100208 .::. Tomay Kichwa,100208,,,0
1003 .::. Dos de Mayo,1003,,9,11
100301 .::. La Union,100301,,,1
100307 .::. Chuquis,100307,,,0
100311 .::. Marias,100311,,,0
100313 .::. Pachas,100313,,,0
100316 .::. Quivilla,100316,,,0
100317 .::. Ripan,100317,,,10
100321 .::. Shunqui,100321,,,0
100322 .::. Sillapata,100322,,,0
100323 .::. Yanas,100323,,,0
1004 .::. Huacaybamba,1004,,4,8
100401 .::. Huacaybamba,100401,,,3
100402 .::. Canchabamba,100402,,,0
100403 .::. Cochabamba,100403,,,5
100404 .::. Pinra,100404,,,0
1005 .::. Huamalíes,1005,,11,38
100501 .::. Llata,100501,,,0
100502 .::. Arancay,100502,,,0
100503 .::. Chavin De Pariarca,100503,,,0
100504 .::. Jacas Grande,100504,,,14
100505 .::. Jircan,100505,,,22
100506 .::. Miraflores,100506,,,0
100507 .::. Monzon,100507,,,2
100508 .::. Punchao,100508,,,0
100509 .::. Puños,100509,,,0
100510 .::. Singa,100510,,,0
100511 .::. Tantamayo,100511,,,0
1006 .::. Leoncio Prado,1006,,6,3
100601 .::. Rupa-rupa,100601,,,0
100602 .::. Daniel Alomia Robles,100602,,,0
100603 .::. Hermilio Valdizan,100603,,,0
100604 .::. Jose Crespo Y Castillo,100604,,,3
100605 .::. Luyando,100605,,,0
100606 .::. Mariano Damaso Beraun,100606,,,0
1007 .::. Marañón,1007,,3,1
100701 .::. Huacrachuco,100701,,,1
100702 .::. Cholon,100702,,,0
100703 .::. San Buenaventura,100703,,,0
1008 .::. Pachitea,1008,,4,8
100801 .::. Panao,100801,,,0
100802 .::. Chaglla,100802,,,0
100803 .::. Molino,100803,,,6
100804 .::. Umari,100804,,,2
1009 .::. Puerto Inca,1009,,5,12
100901 .::. Puerto Inca,100901,,,2
100902 .::. Codo Del Pozuzo,100902,,,3
100903 .::. Honoria,100903,,,0
100904 .::. Tournavista,100904,,,0
100905 .::. Yuyapichis,100905,,,7
1010 .::. Lauricocha ,1010,,7,234
101001 .::. Jesus,101001,,,66
101002 .::. Baños,101002,,,7
101003 .::. Jivia,101003,,,10
101004 .::. Queropalca,101004,,,0
101005 .::. Rondos,101005,,,31
101006 .::. San Francisco De Asis,101006,,,25
101007 .::. San Miguel De Cauri,101007,,,95
1011 .::. Yarowilca ,1011,,8,28
101101 .::. Chavinillo,101101,,,5
101102 .::. Cahuac,101102,,,0
101103 .::. Chacabamba,101103,,,7
101104 .::. Aparicio Pomares,101104,,,0
101105 .::. Jacas Chico,101105,,,6
101106 .::. Obas,101106,,,9
101107 .::. Pampamarca,101107,,,1
101108 .::. Choras,101108,,,0
11 .::. Ica,11,5,43,1266
1101 .::. Ica ,1101,,14,387
110101 .::. Ica,110101,,,8
110102 .::. La Tinguiña,110102,,,28
110103 .::. Los Aquijes,110103,,,26
110104 .::. Ocucaje,110104,,,20
110105 .::. Pachacutec,110105,,,24
110106 .::. Parcona,110106,,,19
110107 .::. Pueblo Nuevo,110107,,,21
110108 .::. Salas,110108,,,77
110109 .::. San Jose De Los Molinos,110109,,,33
110110 .::. San Juan Bautista,110110,,,31
110111 .::. Santiago,110111,,,50
110112 .::. Subtanjalla,110112,,,6
110113 .::. Tate,110113,,,8
110114 .::. Yauca Del Rosario,110114,,,36
1102 .::. Chincha ,1102,,11,344
110201 .::. Chincha Alta,110201,,,1
110202 .::. Alto Laran,110202,,,40
110203 .::. Chavin,110203,,,60
110204 .::. Chincha Baja,110204,,,50
110205 .::. El Carmen,110205,,,50
110206 .::. Grocio Prado,110206,,,35
110207 .::. Pueblo Nuevo,110207,,,1
110208 .::. San Juan De Yanac,110208,,,61
110209 .::. San Pedro De Huacarpana,110209,,,27
110210 .::. Sunampe,110210,,,7
110211 .::. Tambo De Mora,110211,,,12
1103 .::. Nasca ,1103,,5,172
110301 .::. Nasca,110301,,,61
110302 .::. Changuillo,110302,,,33
110303 .::. El Ingenio,110303,,,40
110304 .::. Marcona,110304,,,8
110305 .::. Vista Alegre,110305,,,30
1104 .::. Palpa ,1104,,5,165
110401 .::. Palpa,110401,,,45
110402 .::. Llipata,110402,,,14
110403 .::. Rio Grande,110403,,,34
110404 .::. Santa Cruz,110404,,,28
110405 .::. Tibillo,110405,,,44
1105 .::. Pisco ,1105,,8,198
110501 .::. Pisco,110501,,,15
110502 .::. Huancano,110502,,,41
110503 .::. Humay,110503,,,40
110504 .::. Independencia,110504,,,36
110505 .::. Paracas,110505,,,19
110506 .::. San Andres,110506,,,25
110507 .::. San Clemente,110507,,,13
110508 .::. Tupac Amaru Inca,110508,,,9
12 .::. Junín,12,9,122,182
1201 .::. Huancayo ,1201,,28,10
120101 .::. Huancayo,120101,,,0
120104 .::. Carhuacallanga,120104,,,0
120105 .::. Chacapampa,120105,,,0
120106 .::. Chicche,120106,,,1
120107 .::. Chilca,120107,,,3
120108 .::. Chongos Alto,120108,,,0
120111 .::. Chupuro,120111,,,0
120112 .::. Colca,120112,,,0
120113 .::. Cullhuas,120113,,,0
120114 .::. El Tambo,120114,,,0
120116 .::. Huacrapuquio,120116,,,3
120117 .::. Hualhuas,120117,,,0
120119 .::. Huancan,120119,,,0
120120 .::. Huasicancha,120120,,,0
120121 .::. Huayucachi,120121,,,0
120122 .::. Ingenio,120122,,,0
120124 .::. Pariahuanca,120124,,,2
120125 .::. Pilcomayo,120125,,,0
120126 .::. Pucara,120126,,,0
120127 .::. Quichuay,120127,,,0
120128 .::. Quilcas,120128,,,0
120129 .::. San Agustin,120129,,,0
120130 .::. San Jeronimo De Tunan,120130,,,0
120132 .::. Saño,120132,,,1
120133 .::. Sapallanga,120133,,,0
120134 .::. Sicaya,120134,,,0
120135 .::. Santo Domingo De Acobamba,120135,,,0
120136 .::. Viques,120136,,,0
1202 .::. Concepción ,1202,,15,16
120201 .::. Concepcion,120201,,,1
120202 .::. Aco,120202,,,0
120203 .::. Andamarca,120203,,,0
120204 .::. Chambara,120204,,,1
120205 .::. Cochas,120205,,,1
120206 .::. Comas,120206,,,3
120207 .::. Heroinas Toledo,120207,,,2
120208 .::. Manzanares,120208,,,0
120209 .::. Mariscal Castilla,120209,,,4
120210 .::. Matahuasi,120210,,,1
120211 .::. Mito,120211,,,0
120212 .::. Nueve De Julio,120212,,,1
120213 .::. Orcotuna,120213,,,0
120214 .::. San Jose De Quero,120214,,,2
120215 .::. Santa Rosa De Ocopa,120215,,,0
1203 .::. Chanchamayo ,1203,,6,31
120301 .::. Chanchamayo,120301,,,2
120302 .::. Perene,120302,,,0
120303 .::. Pichanaqui,120303,,,0
120304 .::. San Luis De Shuaro,120304,,,1
120305 .::. San Ramon,120305,,,24
120306 .::. Vitoc,120306,,,4
1204 .::. Jauja ,1204,,34,1
120401 .::. Jauja,120401,,,0
120402 .::. Acolla,120402,,,0
120403 .::. Apata,120403,,,1
120404 .::. Ataura,120404,,,0
120405 .::. Canchayllo,120405,,,0
120406 .::. Curicaca,120406,,,0
120407 .::. El Mantaro,120407,,,0
120408 .::. Huamali,120408,,,0
120409 .::. Huaripampa,120409,,,0
120410 .::. Huertas,120410,,,0
120411 .::. Janjaillo,120411,,,0
120412 .::. Julcan,120412,,,0
120413 .::. Leonor Ordoñez,120413,,,0
120414 .::. Llocllapampa,120414,,,0
120415 .::. Marco,120415,,,0
120416 .::. Masma,120416,,,0
120417 .::. Masma Chicche,120417,,,0
120418 .::. Molinos,120418,,,0
120419 .::. Monobamba,120419,,,0
120420 .::. Muqui,120420,,,0
120421 .::. Muquiyauyo,120421,,,0
120422 .::. Paca,120422,,,0
120423 .::. Paccha,120423,,,0
120424 .::. Pancan,120424,,,0
120425 .::. Parco,120425,,,0
120426 .::. Pomacancha,120426,,,0
120427 .::. Ricran,120427,,,0
120428 .::. San Lorenzo,120428,,,0
120429 .::. San Pedro De Chunan,120429,,,0
120430 .::. Sausa,120430,,,0
120431 .::. Sincos,120431,,,0
120432 .::. Tunan Marca,120432,,,0
120433 .::. Yauli,120433,,,0
120434 .::. Yauyos,120434,,,0
1205 .::. Junín ,1205,,4,89
120501 .::. Junin,120501,,,35
120502 .::. Carhuamayo,120502,,,0
120503 .::. Ondores,120503,,,41
120504 .::. Ulcumayo,120504,,,13
1206 .::. Satipo ,1206,,7,18
120601 .::. Satipo,120601,,,13
120602 .::. Coviriali,120602,,,0
120603 .::. Llaylla,120603,,,0
120605 .::. Pampa Hermosa,120605,,,0
120607 .::. Rio Negro,120607,,,0
120608 .::. Rio Tambo,120608,,,0
120699 .::. Mazamari - Pangoa,120699,,,5
1207 .::. Tarma ,1207,,9,4
120701 .::. Tarma,120701,,,0
120702 .::. Acobamba,120702,,,0
120703 .::. Huaricolca,120703,,,0
120704 .::. Huasahuasi,120704,,,0
120705 .::. La Union,120705,,,0
120706 .::. Palca,120706,,,4
120707 .::. Palcamayo,120707,,,0
120708 .::. San Pedro De Cajas,120708,,,0
120709 .::. Tapo,120709,,,0
1208 .::. Yauli ,1208,,10,13
120801 .::. La Oroya,120801,,,0
120802 .::. Chacapalpa,120802,,,0
120803 .::. Huay-huay,120803,,,0
120804 .::. Marcapomacocha,120804,,,6
120805 .::. Morococha,120805,,,0
120806 .::. Paccha,120806,,,1
120807 .::. Santa Barbara De Carhuacayan,120807,,,0
120808 .::. Santa Rosa De Sacco,120808,,,0
120809 .::. Suitucancha,120809,,,0
120810 .::. Yauli,120810,,,6
1209 .::. Chupaca ,1209,,9,0
120901 .::. Chupaca,120901,,,0
120902 .::. Ahuac,120902,,,0
120903 .::. Chongos Bajo,120903,,,0
120904 .::. Huachac,120904,,,0
120905 .::. Huamancaca Chico,120905,,,0
120906 .::. San Juan De Iscos,120906,,,0
120907 .::. San Juan De Jarpa,120907,,,0
120908 .::. Tres De Diciembre,120908,,,0
120909 .::. Yanacancha,120909,,,0
13 .::. La Libertad,13,12,83,214
1301 .::. Trujillo ,1301,,11,7
130101 .::. Trujillo,130101,,,1
130102 .::. El Porvenir,130102,,,0
130103 .::. Florencia De Mora,130103,,,0
130104 .::. Huanchaco,130104,,,1
130105 .::. La Esperanza,130105,,,0
130106 .::. Laredo,130106,,,2
130107 .::. Moche,130107,,,0
130108 .::. Poroto,130108,,,2
130109 .::. Salaverry,130109,,,1
130110 .::. Simbal,130110,,,0
130111 .::. Victor Larco Herrera,130111,,,0
1302 .::. Ascope ,1302,,8,0
130201 .::. Ascope,130201,,,0
130202 .::. Chicama,130202,,,0
130203 .::. Chocope,130203,,,0
130204 .::. Magdalena De Cao,130204,,,0
130205 .::. Paijan,130205,,,0
130206 .::. Razuri,130206,,,0
130207 .::. Santiago De Cao,130207,,,0
130208 .::. Casa Grande,130208,,,0
1303 .::. Bolívar ,1303,,6,2
130301 .::. Bolivar,130301,,,0
130302 .::. Bambamarca,130302,,,0
130303 .::. Condormarca,130303,,,0
130304 .::. Longotea,130304,,,0
130305 .::. Uchumarca,130305,,,2
130306 .::. Ucuncha,130306,,,0
1304 .::. Chepén ,1304,,3,0
130401 .::. Chepen,130401,,,0
130402 .::. Pacanga,130402,,,0
130403 .::. Pueblo Nuevo,130403,,,0
1305 .::. Julcán ,1305,,4,0
130501 .::. Julcan,130501,,,0
130502 .::. Calamarca,130502,,,0
130503 .::. Carabamba,130503,,,0
130504 .::. Huaso,130504,,,0
1306 .::. Otuzco ,1306,,10,0
130601 .::. Otuzco,130601,,,0
130602 .::. Agallpampa,130602,,,0
130604 .::. Charat,130604,,,0
130605 .::. Huaranchal,130605,,,0
130606 .::. La Cuesta,130606,,,0
130608 .::. Mache,130608,,,0
130610 .::. Paranday,130610,,,0
130611 .::. Salpo,130611,,,0
130613 .::. Sinsicap,130613,,,0
130614 .::. Usquil,130614,,,0
1307 .::. Pacasmayo ,1307,,5,0
130701 .::. San Pedro De Lloc,130701,,,0
130702 .::. Guadalupe,130702,,,0
130703 .::. Jequetepeque,130703,,,0
130704 .::. Pacasmayo,130704,,,0
130705 .::. San Jose,130705,,,0
1308 .::. Pataz ,1308,,13,159
130801 .::. Tayabamba,130801,,,41
130802 .::. Buldibuyo,130802,,,11
130803 .::. Chillia,130803,,,3
130804 .::. Huancaspata,130804,,,40
130805 .::. Huaylillas,130805,,,4
130806 .::. Huayo,130806,,,3
130807 .::. Ongon,130807,,,1
130808 .::. Parcoy,130808,,,16
130809 .::. Pataz,130809,,,10
130810 .::. Pias,130810,,,0
130811 .::. Santiago De Challas,130811,,,17
130812 .::. Taurija,130812,,,8
130813 .::. Urpay,130813,,,5
1309 .::. Sánchez Carrión ,1309,,8,46
130901 .::. Huamachuco,130901,,,10
130902 .::. Chugay,130902,,,4
130903 .::. Cochorco,130903,,,4
130904 .::. Curgos,130904,,,5
130905 .::. Marcabal,130905,,,10
130906 .::. Sanagoran,130906,,,0
130907 .::. Sarin,130907,,,2
130908 .::. Sartimbamba,130908,,,11
1310 .::. Santiago de Chuco ,1310,,8,0
131001 .::. Santiago De Chuco,131001,,,0
131002 .::. Angasmarca,131002,,,0
131003 .::. Cachicadan,131003,,,0
131004 .::. Mollebamba,131004,,,0
131005 .::. Mollepata,131005,,,0
131006 .::. Quiruvilca,131006,,,0
131007 .::. Santa Cruz De Chuca,131007,,,0
131008 .::. Sitabamba,131008,,,0
1311 .::. Gran Chimú ,1311,,4,0
131101 .::. Cascas,131101,,,0
131102 .::. Lucma,131102,,,0
131103 .::. Marmot,131103,,,0
131104 .::. Sayapullo,131104,,,0
1312 .::. Virú ,1312,,3,0
131201 .::. Viru,131201,,,0
131202 .::. Chao,131202,,,0
131203 .::. Guadalupito,131203,,,0
14 .::. Lambayeque,14,3,38,1387
1401 .::. Chiclayo ,1401,,20,405
140101 .::. Chiclayo,140101,,,2
140102 .::. Chongoyape,140102,,,47
140103 .::. Eten,140103,,,4
140104 .::. Eten Puerto,140104,,,1
140105 .::. Jose Leonardo Ortiz,140105,,,3
140106 .::. La Victoria,140106,,,28
140107 .::. Lagunas,140107,,,27
140108 .::. Monsefu,140108,,,44
140109 .::. Nueva Arica,140109,,,8
140110 .::. Oyotun,140110,,,29
140111 .::. Picsi,140111,,,14
140112 .::. Pimentel,140112,,,39
140113 .::. Reque,140113,,,18
140114 .::. Santa Rosa,140114,,,3
140115 .::. Saña,140115,,,35
140116 .::. Cayalti,140116,,,16
140117 .::. Patapo,140117,,,26
140118 .::. Pomalca,140118,,,17
140119 .::. Pucala,140119,,,19
140120 .::. Tuman,140120,,,25
1402 .::. Ferreñafe ,1402,,6,344
140201 .::. Ferreñafe,140201,,,21
140202 .::. Cañaris,140202,,,112
140203 .::. Incahuasi,140203,,,102
140204 .::. Manuel Antonio Mesones Muro,140204,,,36
140205 .::. Pitipo,140205,,,62
140206 .::. Pueblo Nuevo,140206,,,11
1403 .::. Lambayeque ,1403,,12,638
140301 .::. Lambayeque,140301,,,47
140302 .::. Chochope,140302,,,16
140303 .::. Illimo,140303,,,21
140304 .::. Jayanca,140304,,,39
140305 .::. Mochumi,140305,,,38
140306 .::. Morrope,140306,,,89
140307 .::. Motupe,140307,,,48
140308 .::. Olmos,140308,,,175
140309 .::. Pacora,140309,,,19
140310 .::. Salas,140310,,,88
140311 .::. San Jose,140311,,,14
140312 .::. Tucume,140312,,,44
15 .::. Lima,15,10,171,4408
1501 .::. Lima ,1501,,43,144
150101 .::. Lima,150101,,,1
150102 .::. Ancon,150102,,,1
150103 .::. Ate,150103,,,1
150104 .::. Barranco,150104,,,1
150105 .::. Breña,150105,,,1
150106 .::. Carabayllo,150106,,,57
150107 .::. Chaclacayo,150107,,,1
150108 .::. Chorrillos,150108,,,1
150109 .::. Cieneguilla,150109,,,8
150110 .::. Comas,150110,,,1
150111 .::. El Agustino,150111,,,1
150112 .::. Independencia,150112,,,1
150113 .::. Jesus Maria,150113,,,1
150114 .::. La Molina,150114,,,1
150115 .::. La Victoria,150115,,,1
150116 .::. Lince,150116,,,1
150117 .::. Los Olivos,150117,,,1
150118 .::. Lurigancho,150118,,,1
150119 .::. Lurin,150119,,,10
150120 .::. Magdalena Del Mar,150120,,,1
150121 .::. Pueblo Libre,150121,,,1
150122 .::. Miraflores,150122,,,1
150123 .::. Pachacamac,150123,,,11
150124 .::. Pucusana,150124,,,4
150125 .::. Puente Piedra,150125,,,1
150126 .::. Punta Hermosa,150126,,,7
150127 .::. Punta Negra,150127,,,2
150128 .::. Rimac,150128,,,1
150129 .::. San Bartolo,150129,,,9
150130 .::. San Borja,150130,,,1
150131 .::. San Isidro,150131,,,1
150132 .::. San Juan De Lurigancho,150132,,,1
150133 .::. San Juan De Miraflores,150133,,,1
150134 .::. San Luis,150134,,,1
150135 .::. San Martin De Porres,150135,,,1
150136 .::. San Miguel,150136,,,1
150137 .::. Santa Anita,150137,,,1
150138 .::. Santa Maria Del Mar,150138,,,2
150139 .::. Santa Rosa,150139,,,1
150140 .::. Santiago De Surco,150140,,,1
150141 .::. Surquillo,150141,,,1
150142 .::. Villa El Salvador,150142,,,1
150143 .::. Villa Maria Del Triunfo,150143,,,1
1502 .::. Barranca ,1502,,5,181
150201 .::. Barranca,150201,,,38
150202 .::. Paramonga,150202,,,55
150203 .::. Pativilca,150203,,,36
150204 .::. Supe,150204,,,45
150205 .::. Supe Puerto,150205,,,7
1503 .::. Cajatambo ,1503,,5,372
150301 .::. Cajatambo,150301,,,100
150302 .::. Copa,150302,,,3
150303 .::. Gorgor,150303,,,154
150304 .::. Huancapon,150304,,,58
150305 .::. Manas,150305,,,57
1504 .::. Canta ,1504,,7,283
150401 .::. Canta,150401,,,83
150402 .::. Arahuay,150402,,,24
150403 .::. Huamantanga,150403,,,8
150404 .::. Huaros,150404,,,54
150405 .::. Lachaqui,150405,,,35
150406 .::. San Buenaventura,150406,,,21
150407 .::. Santa Rosa De Quives,150407,,,58
1505 .::. Cañete ,1505,,16,485
150501 .::. San Vicente De Cañete,150501,,,54
150502 .::. Asia,150502,,,53
150503 .::. Calango,150503,,,40
150504 .::. Cerro Azul,150504,,,33
150505 .::. Chilca,150505,,,54
150506 .::. Coayllo,150506,,,28
150507 .::. Imperial,150507,,,23
150508 .::. Lunahuana,150508,,,12
150509 .::. Mala,150509,,,27
150510 .::. Nuevo Imperial,150510,,,27
150511 .::. Pacaran,150511,,,9
150512 .::. Quilmana,150512,,,38
150513 .::. San Antonio,150513,,,22
150514 .::. San Luis,150514,,,36
150515 .::. Santa Cruz De Flores,150515,,,18
150516 .::. Zuñiga,150516,,,11
1506 .::. Huaral ,1506,,12,367
150601 .::. Huaral,150601,,,61
150602 .::. Atavillos Alto,150602,,,9
150603 .::. Atavillos Bajo,150603,,,26
150604 .::. Aucallama,150604,,,47
150605 .::. Chancay,150605,,,34
150606 .::. Ihuari,150606,,,63
150607 .::. Lampian,150607,,,32
150608 .::. Pacaraos,150608,,,42
150609 .::. San Miguel De Acos,150609,,,8
150610 .::. Santa Cruz De Andamarca,150610,,,8
150611 .::. Sumbilca,150611,,,16
150612 .::. Veintisiete De Noviembre,150612,,,21
1507 .::. Huarochirí ,1507,,32,864
150701 .::. Matucana,150701,,,42
150702 .::. Antioquia,150702,,,31
150703 .::. Callahuanca,150703,,,10
150704 .::. Carampoma,150704,,,33
150705 .::. Chicla,150705,,,30
150706 .::. Cuenca,150706,,,18
150707 .::. Huachupampa,150707,,,11
150708 .::. Huanza,150708,,,32
150709 .::. Huarochiri,150709,,,38
150710 .::. Lahuaytambo,150710,,,19
150711 .::. Langa,150711,,,48
150712 .::. Laraos,150712,,,22
150713 .::. Mariatana,150713,,,55
150714 .::. Ricardo Palma,150714,,,7
150715 .::. San Andres De Tupicocha,150715,,,18
150716 .::. San Antonio,150716,,,13
150717 .::. San Bartolome,150717,,,31
150718 .::. San Damian,150718,,,62
150719 .::. San Juan De Iris,150719,,,3
150720 .::. San Juan De Tantaranche,150720,,,16
150721 .::. San Lorenzo De Quinti,150721,,,88
150722 .::. San Mateo,150722,,,30
150723 .::. San Mateo De Otao,150723,,,29
150724 .::. San Pedro De Casta,150724,,,8
150725 .::. San Pedro De Huancayre,150725,,,8
150726 .::. Sangallaya,150726,,,30
150727 .::. Santa Cruz De Cocachacra,150727,,,9
150728 .::. Santa Eulalia,150728,,,15
150729 .::. Santiago De Anchucaya,150729,,,11
150730 .::. Santiago De Tuna,150730,,,9
150731 .::. Santo Domingo De Los Olleros,150731,,,43
150732 .::. Surco,150732,,,45
1508 .::. Huaura ,1508,,12,600
150801 .::. Huacho,150801,,,11
150802 .::. Ambar,150802,,,130
150803 .::. Caleta De Carquin,150803,,,2
150804 .::. Checras,150804,,,19
150805 .::. Hualmay,150805,,,4
150806 .::. Huaura,150806,,,42
150807 .::. Leoncio Prado,150807,,,36
150808 .::. Paccho,150808,,,49
150809 .::. Santa Leonor,150809,,,54
150810 .::. Santa Maria,150810,,,23
150811 .::. Sayan,150811,,,167
150812 .::. Vegueta,150812,,,63
1509 .::. Oyón ,1509,,6,186
150901 .::. Oyon,150901,,,107
150902 .::. Andajes,150902,,,10
150903 .::. Caujul,150903,,,20
150904 .::. Cochamarca,150904,,,24
150905 .::. Navan,150905,,,14
150906 .::. Pachangara,150906,,,11
1510 .::. Yauyos ,1510,,33,926
151001 .::. Yauyos,151001,,,32
151002 .::. Alis,151002,,,18
151003 .::. Allauca,151003,,,41
151004 .::. Ayaviri,151004,,,40
151005 .::. Azangaro,151005,,,82
151006 .::. Cacra,151006,,,28
151007 .::. Carania,151007,,,7
151008 .::. Catahuasi,151008,,,20
151009 .::. Chocos,151009,,,29
151010 .::. Cochas,151010,,,4
151011 .::. Colonia,151011,,,50
151012 .::. Hongos,151012,,,12
151013 .::. Huampara,151013,,,13
151014 .::. Huancaya,151014,,,22
151015 .::. Huangascar,151015,,,39
151016 .::. Huantan,151016,,,47
151017 .::. Huañec,151017,,,8
151018 .::. Laraos,151018,,,15
151019 .::. Lincha,151019,,,67
151020 .::. Madean,151020,,,82
151021 .::. Miraflores,151021,,,13
151022 .::. Omas,151022,,,33
151023 .::. Putinza,151023,,,13
151024 .::. Quinches,151024,,,39
151025 .::. Quinocay,151025,,,22
151026 .::. San Joaquin,151026,,,27
151027 .::. San Pedro De Pilas,151027,,,11
151028 .::. Tanta,151028,,,9
151029 .::. Tauripampa,151029,,,18
151030 .::. Tomas,151030,,,6
151031 .::. Tupe,151031,,,12
151032 .::. Viñac,151032,,,57
151033 .::. Vitis,151033,,,10
16 .::. Loreto,16,7,51,2305
1601 .::. Maynas ,1601,,13,742
160101 .::. Iquitos,160101,,,19
160102 .::. Alto Nanay,160102,,,20
160103 .::. Fernando Lores,160103,,,123
160104 .::. Indiana,160104,,,55
160105 .::. Las Amazonas,160105,,,68
160106 .::. Mazan,160106,,,75
160107 .::. Napo,160107,,,76
160108 .::. Punchana,160108,,,55
160109 .::. Putumayo,160109,,,50
160110 .::. Torres Causana,160110,,,24
160112 .::. Belen,160112,,,59
160113 .::. San Juan Bautista,160113,,,82
160114 .::. Teniente Manuel Clavero,160114,,,36
1602 .::. Alto Amazonas ,1602,,6,332
160201 .::. Yurimaguas,160201,,,114
160202 .::. Balsapuerto,160202,,,82
160205 .::. Jeberos,160205,,,26
160206 .::. Lagunas,160206,,,49
160210 .::. Santa Cruz,160210,,,31
160211 .::. Teniente Cesar Lopez Rojas,160211,,,30
1603 .::. Loreto ,1603,,5,277
160301 .::. Nauta,160301,,,87
160302 .::. Parinari,160302,,,28
160303 .::. Tigre,160303,,,42
160304 .::. Trompeteros,160304,,,33
160305 .::. Urarinas,160305,,,87
1604 .::. Mariscal Ramón Castilla ,1604,,4,218
160401 .::. Ramon Castilla,160401,,,64
160402 .::. Pebas,160402,,,66
160403 .::. Yavari,160403,,,50
160404 .::. San Pablo,160404,,,38
1605 .::. Requena ,1605,,11,227
160501 .::. Requena,160501,,,46
160502 .::. Alto Tapiche,160502,,,14
160503 .::. Capelo,160503,,,12
160504 .::. Emilio San Martin,160504,,,31
160505 .::. Maquia,160505,,,45
160506 .::. Puinahua,160506,,,18
160507 .::. Saquena,160507,,,16
160508 .::. Soplin,160508,,,7
160509 .::. Tapiche,160509,,,6
160510 .::. Jenaro Herrera,160510,,,14
160511 .::. Yaquerana,160511,,,18
1606 .::. Ucayali ,1606,,6,183
160601 .::. Contamana,160601,,,55
160602 .::. Inahuaya,160602,,,7
160603 .::. Padre Marquez,160603,,,23
160604 .::. Pampa Hermosa,160604,,,20
160605 .::. Sarayacu,160605,,,61
160606 .::. Vargas Guerra,160606,,,17
1607 .::. Datem del Marañón ,1607,,6,326
160701 .::. Barranca,160701,,,45
160702 .::. Cahuapanas,160702,,,45
160703 .::. Manseriche,160703,,,44
160704 .::. Morona,160704,,,67
160705 .::. Pastaza,160705,,,58
160706 .::. Andoas,160706,,,67
17 .::. Madre de Dios,17,3,11,293
1701 .::. Tambopata ,1701,,4,172
170101 .::. Tambopata,170101,,,53
170102 .::. Inambari,170102,,,32
170103 .::. Las Piedras,170103,,,56
170104 .::. Laberinto,170104,,,31
1702 .::. Manu ,1702,,4,82
170201 .::. Manu,170201,,,26
170202 .::. Fitzcarrald,170202,,,11
170203 .::. Madre De Dios,170203,,,31
170204 .::. Huepetuhe,170204,,,14
1703 .::. Tahuamanu ,1703,,3,39
170301 .::. Iñapari,170301,,,7
170302 .::. Iberia,170302,,,17
170303 .::. Tahuamanu,170303,,,15
18 .::. Moquegua,18,3,20,1107
1801 .::. Mariscal Nieto ,1801,,6,471
180101 .::. Moquegua,180101,,,92
180102 .::. Carumas,180102,,,183
180103 .::. Cuchumbaya,180103,,,8
180104 .::. Samegua,180104,,,26
180105 .::. San Cristobal,180105,,,42
180106 .::. Torata,180106,,,120
1802 .::. General Sánchez Cerro ,1802,,11,596
180201 .::. Omate,180201,,,38
180202 .::. Chojata,180202,,,78
180203 .::. Coalaque,180203,,,33
180204 .::. Ichuña,180204,,,155
180205 .::. La Capilla,180205,,,51
180206 .::. Lloque,180206,,,24
180207 .::. Matalaque,180207,,,37
180208 .::. Puquina,180208,,,38
180209 .::. Quinistaquillas,180209,,,22
180210 .::. Ubinas,180210,,,99
180211 .::. Yunga,180211,,,21
1803 .::. Ilo ,1803,,3,40
180301 .::. Ilo,180301,,,3
180302 .::. El Algarrobal,180302,,,30
180303 .::. Pacocha,180303,,,7
19 .::. Pasco,19,3,29,2617
1901 .::. Pasco ,1901,,13,1227
190101 .::. Chaupimarca,190101,,,6
190102 .::. Huachon,190102,,,77
190103 .::. Huariaca,190103,,,60
190104 .::. Huayllay,190104,,,259
190105 .::. Ninacaca,190105,,,102
190106 .::. Pallanchacra,190106,,,47
190107 .::. Paucartambo,190107,,,114
190108 .::. San Francisco De Asis De Yarusyacan,190108,,,89
190109 .::. Simon Bolivar,190109,,,154
190110 .::. Ticlacayan,190110,,,171
190111 .::. Tinyahuarco,190111,,,32
190112 .::. Vicco,190112,,,43
190113 .::. Yanacancha,190113,,,73
1902 .::. Daniel Alcides Carrión ,1902,,8,775
190201 .::. Yanahuanca,190201,,,376
190202 .::. Chacayan,190202,,,62
190203 .::. Goyllarisquizga,190203,,,7
190204 .::. Paucar,190204,,,37
190205 .::. San Pedro De Pillao,190205,,,54
190206 .::. Santa Ana De Tusi,190206,,,124
190207 .::. Tapuc,190207,,,55
190208 .::. Vilcabamba,190208,,,60
1903 .::. Oxapampa ,1903,,8,615
190301 .::. Oxapampa,190301,,,66
190302 .::. Chontabamba,190302,,,34
190303 .::. Huancabamba,190303,,,80
190304 .::. Palcazu,190304,,,75
190305 .::. Pozuzo,190305,,,86
190306 .::. Puerto Bermudez,190306,,,107
190307 .::. Villa Rica,190307,,,104
190308 .::. Constitución,190308,,,63
20 .::. Piura,20,8,64,2839
2001 .::. Piura ,2001,,9,391
200101 .::. Piura,200101,,,33
200104 .::. Castilla,200104,,,16
200105 .::. Catacaos,200105,,,31
200107 .::. Cura Mori,200107,,,15
200108 .::. El Tallan,200108,,,10
200109 .::. La Arena,200109,,,26
200110 .::. La Union,200110,,,17
200111 .::. Las Lomas,200111,,,74
200114 .::. Tambo Grande,200114,,,169
2002 .::. Ayabaca ,2002,,10,830
200201 .::. Ayabaca,200201,,,240
200202 .::. Frias,200202,,,124
200203 .::. Jilili,200203,,,21
200204 .::. Lagunas,200204,,,54
200205 .::. Montero,200205,,,46
200206 .::. Pacaipampa,200206,,,125
200207 .::. Paimas,200207,,,40
200208 .::. Sapillica,200208,,,68
200209 .::. Sicchez,200209,,,13
200210 .::. Suyo,200210,,,99
2003 .::. Huancabamba ,2003,,8,681
200301 .::. Huancabamba,200301,,,69
200302 .::. Canchaque,200302,,,67
200303 .::. El Carmen De La Frontera,200303,,,46
200304 .::. Huarmaca,200304,,,346
200305 .::. Lalaquiz,200305,,,49
200306 .::. San Miguel De El Faique,200306,,,42
200307 .::. Sondor,200307,,,28
200308 .::. Sondorillo,200308,,,34
2004 .::. Morropón ,2004,,10,413
200401 .::. Chulucanas,200401,,,83
200402 .::. Buenos Aires,200402,,,22
200403 .::. Chalaco,200403,,,52
200404 .::. La Matanza,200404,,,30
200405 .::. Morropon,200405,,,24
200406 .::. Salitral,200406,,,23
200407 .::. San Juan De Bigote,200407,,,34
200408 .::. Santa Catalina De Mossa,200408,,,31
200409 .::. Santo Domingo,200409,,,51
200410 .::. Yamango,200410,,,63
2005 .::. Paita ,2005,,7,55
200501 .::. Paita,200501,,,5
200502 .::. Amotape,200502,,,7
200503 .::. Arenal,200503,,,4
200504 .::. Colan,200504,,,8
200505 .::. La Huaca,200505,,,16
200506 .::. Tamarindo,200506,,,6
200507 .::. Vichayal,200507,,,9
2006 .::. Sullana ,2006,,8,332
200601 .::. Sullana,200601,,,48
200602 .::. Bellavista,200602,,,1
200603 .::. Ignacio Escudero,200603,,,16
200604 .::. Lancones,200604,,,166
200605 .::. Marcavelica,200605,,,59
200606 .::. Miguel Checa,200606,,,11
200607 .::. Querecotillo,200607,,,22
200608 .::. Salitral,200608,,,9
2007 .::. Talara ,2007,,6,46
200701 .::. Pariñas,200701,,,15
200702 .::. El Alto,200702,,,2
200703 .::. La Brea,200703,,,11
200704 .::. Lobitos,200704,,,2
200705 .::. Los Organos,200705,,,13
200706 .::. Mancora,200706,,,3
2008 .::. Sechura ,2008,,6,91
200801 .::. Sechura,200801,,,38
200802 .::. Bellavista De La Union,200802,,,9
200803 .::. Bernal,200803,,,15
200804 .::. Cristo Nos Valga,200804,,,11
200805 .::. Vice,200805,,,10
200806 .::. Rinconada Llicuar,200806,,,8
21 .::. Puno,21,13,109,5705
2101 .::. Puno ,2101,,15,1225
210101 .::. Puno,210101,,,152
210102 .::. Acora,210102,,,200
210103 .::. Amantani,210103,,,23
210104 .::. Atuncolla,210104,,,50
210105 .::. Capachica,210105,,,77
210106 .::. Chucuito,210106,,,49
210107 .::. Coata,210107,,,63
210108 .::. Huata,210108,,,72
210109 .::. Mañazo,210109,,,90
210110 .::. Paucarcolla,210110,,,93
210111 .::. Pichacani,210111,,,89
210112 .::. Plateria,210112,,,68
210113 .::. San Antonio,210113,,,78
210114 .::. Tiquillaca,210114,,,71
210115 .::. Vilque,210115,,,50
2102 .::. Azángaro ,2102,,15,959
210201 .::. Azangaro,210201,,,143
210202 .::. Achaya,210202,,,39
210203 .::. Arapa,210203,,,81
210204 .::. Asillo,210204,,,152
210205 .::. Caminaca,210205,,,31
210206 .::. Chupa,210206,,,46
210207 .::. Jose Domingo Choquehuanca,210207,,,18
210208 .::. Muñani,210208,,,46
210209 .::. Potoni,210209,,,84
210210 .::. Saman,210210,,,40
210211 .::. San Anton,210211,,,74
210212 .::. San Jose,210212,,,67
210213 .::. San Juan De Salinas,210213,,,62
210214 .::. Santiago De Pupuja,210214,,,45
210215 .::. Tirapata,210215,,,31
2103 .::. Carabaya ,2103,,10,923
210301 .::. Macusani,210301,,,104
210302 .::. Ajoyani,210302,,,73
210303 .::. Ayapata,210303,,,32
210304 .::. Coasa,210304,,,68
210305 .::. Corani,210305,,,95
210306 .::. Crucero,210306,,,236
210307 .::. Ituata,210307,,,116
210308 .::. Ollachea,210308,,,42
210309 .::. San Gaban,210309,,,42
210310 .::. Usicayos,210310,,,115
2104 .::. Chucuito ,2104,,7,692
210401 .::. Juli,210401,,,114
210402 .::. Desaguadero,210402,,,32
210403 .::. Huacullani,210403,,,63
210404 .::. Kelluyo,210404,,,79
210405 .::. Pisacoma,210405,,,182
210406 .::. Pomata,210406,,,53
210407 .::. Zepita,210407,,,169
2105 .::. El Collao ,2105,,5,468
210501 .::. Ilave,210501,,,222
210502 .::. Capazo,210502,,,54
210503 .::. Pilcuyo,210503,,,64
210504 .::. Santa Rosa,210504,,,75
210505 .::. Conduriri,210505,,,53
2106 .::. Huancané ,2106,,8,749
210601 .::. Huancane,210601,,,138
210602 .::. Cojata,210602,,,75
210603 .::. Huatasani,210603,,,42
210604 .::. Inchupalla,210604,,,105
210605 .::. Pusi,210605,,,55
210606 .::. Rosaspata,210606,,,127
210607 .::. Taraco,210607,,,75
210608 .::. Vilque Chico,210608,,,132
2107 .::. Lampa ,2107,,10,647
210701 .::. Lampa,210701,,,52
210702 .::. Cabanilla,210702,,,86
210703 .::. Calapuja,210703,,,26
210704 .::. Nicasio,210704,,,20
210705 .::. Ocuviri,210705,,,250
210706 .::. Palca,210706,,,29
210707 .::. Paratia,210707,,,13
210708 .::. Pucara,210708,,,30
210709 .::. Santa Lucia,210709,,,106
210710 .::. Vilavila,210710,,,35
2108 .::. Melgar ,2108,,9,8
210801 .::. Ayaviri,210801,,,4
210802 .::. Antauta,210802,,,0
210803 .::. Cupi,210803,,,0
210804 .::. Llalli,210804,,,0
210805 .::. Macari,210805,,,0
210806 .::. Nuñoa,210806,,,0
210807 .::. Orurillo,210807,,,4
210808 .::. Santa Rosa,210808,,,0
210809 .::. Umachiri,210809,,,0
2109 .::. Moho ,2109,,4,0
210901 .::. Moho,210901,,,0
210902 .::. Conima,210902,,,0
210903 .::. Huayrapata,210903,,,0
210904 .::. Tilali,210904,,,0
2110 .::. San Antonio de Putina ,2110,,5,11
211001 .::. Putina,211001,,,0
211002 .::. Ananea,211002,,,10
211003 .::. Pedro Vilca Apaza,211003,,,1
211004 .::. Quilcapuncu,211004,,,0
211005 .::. Sina,211005,,,0
2111 .::. San Román ,2111,,4,5
211101 .::. Juliaca,211101,,,0
211102 .::. Cabana,211102,,,0
211103 .::. Cabanillas,211103,,,0
211104 .::. Caracoto,211104,,,5
2112 .::. Sandia ,2112,,10,17
211201 .::. Sandia,211201,,,0
211202 .::. Cuyocuyo,211202,,,0
211203 .::. Limbani,211203,,,14
211204 .::. Patambuco,211204,,,0
211205 .::. Phara,211205,,,0
211206 .::. Quiaca,211206,,,2
211207 .::. San Juan Del Oro,211207,,,0
211208 .::. Yanahuaya,211208,,,0
211209 .::. Alto Inambari,211209,,,0
211210 .::. San Pedro De Putina Punco,211210,,,1
2113 .::. Yunguyo ,2113,,7,1
211301 .::. Yunguyo,211301,,,0
211302 .::. Anapia,211302,,,0
211303 .::. Copani,211303,,,0
211304 .::. Cuturapi,211304,,,0
211305 .::. Ollaraya,211305,,,0
211306 .::. Tinicachi,211306,,,0
211307 .::. Unicachi,211307,,,1
22 .::. San Martín,22,10,77,2408
2201 .::. Moyobamba ,2201,,6,225
220101 .::. Moyobamba,220101,,,103
220102 .::. Calzada,220102,,,7
220103 .::. Habana,220103,,,9
220104 .::. Jepelacio,220104,,,53
220105 .::. Soritor,220105,,,46
220106 .::. Yantalo,220106,,,7
2202 .::. Bellavista ,2202,,6,285
220201 .::. Bellavista,220201,,,46
220202 .::. Alto Biavo,220202,,,49
220203 .::. Bajo Biavo,220203,,,58
220204 .::. Huallaga,220204,,,41
220205 .::. San Pablo,220205,,,57
220206 .::. San Rafael,220206,,,34
2203 .::. El Dorado ,2203,,5,121
220301 .::. San Jose De Sisa,220301,,,25
220302 .::. Agua Blanca,220302,,,24
220303 .::. San Martin,220303,,,35
220304 .::. Santa Rosa,220304,,,27
220305 .::. Shatoja,220305,,,10
2204 .::. Huallaga ,2204,,6,194
220401 .::. Saposoa,220401,,,54
220402 .::. Alto Saposoa,220402,,,10
220403 .::. El Eslabon,220403,,,47
220404 .::. Piscoyacu,220404,,,29
220405 .::. Sacanche,220405,,,33
220406 .::. Tingo De Saposoa,220406,,,21
2205 .::. Lamas ,2205,,11,308
220501 .::. Lamas,220501,,,23
220502 .::. Alonso De Alvarado,220502,,,50
220503 .::. Barranquita,220503,,,27
220504 .::. Caynarachi,220504,,,25
220505 .::. Cuñumbuqui,220505,,,16
220506 .::. Pinto Recodo,220506,,,42
220507 .::. Rumisapa,220507,,,24
220508 .::. San Roque De Cumbaza,220508,,,5
220509 .::. Shanao,220509,,,14
220510 .::. Tabalosos,220510,,,63
220511 .::. Zapatero,220511,,,19
2206 .::. Mariscal Cáceres ,2206,,5,268
220601 .::. Juanjui,220601,,,91
220602 .::. Campanilla,220602,,,63
220603 .::. Huicungo,220603,,,37
220604 .::. Pachiza,220604,,,44
220605 .::. Pajarillo,220605,,,33
2207 .::. Picota ,2207,,10,298
220701 .::. Picota,220701,,,45
220702 .::. Buenos Aires,220702,,,36
220703 .::. Caspisapa,220703,,,10
220704 .::. Pilluana,220704,,,11
220705 .::. Pucacaca,220705,,,19
220706 .::. San Cristobal,220706,,,18
220707 .::. San Hilarion,220707,,,30
220708 .::. Shamboyacu,220708,,,36
220709 .::. Tingo De Ponasa,220709,,,73
220710 .::. Tres Unidos,220710,,,20
2208 .::. Rioja ,2208,,9,163
220801 .::. Rioja,220801,,,22
220802 .::. Awajun,220802,,,15
220803 .::. Elias Soplin Vargas,220803,,,12
220804 .::. Nueva Cajamarca,220804,,,37
220805 .::. Pardo Miguel,220805,,,46
220806 .::. Posic,220806,,,4
220807 .::. San Fernando,220807,,,10
220808 .::. Yorongos,220808,,,11
220809 .::. Yuracyacu,220809,,,6
2209 .::. San Martín ,2209,,14,292
220901 .::. Tarapoto,220901,,,6
220902 .::. Alberto Leveau,220902,,,3
220903 .::. Cacatachi,220903,,,30
220904 .::. Chazuta,220904,,,68
220905 .::. Chipurana,220905,,,18
220906 .::. El Porvenir,220906,,,11
220907 .::. Huimbayoc,220907,,,18
220908 .::. Juan Guerra,220908,,,31
220909 .::. La Banda De Shilcayo,220909,,,26
220910 .::. Morales,220910,,,34
220911 .::. Papaplaya,220911,,,11
220912 .::. San Antonio,220912,,,5
220913 .::. Sauce,220913,,,17
220914 .::. Shapaja,220914,,,14
2210 .::. Tocache ,2210,,5,254
221001 .::. Tocache,221001,,,60
221002 .::. Nuevo Progreso,221002,,,45
221003 .::. Polvora,221003,,,59
221004 .::. Shunte,221004,,,10
221005 .::. Uchiza,221005,,,80
23 .::. Tacna,23,4,27,695
2301 .::. Tacna ,2301,,10,235
230101 .::. Tacna,230101,,,53
230102 .::. Alto De La Alianza,230102,,,4
230103 .::. Calana,230103,,,14
230104 .::. Ciudad Nueva,230104,,,1
230105 .::. Inclan,230105,,,20
230106 .::. Pachia,230106,,,18
230107 .::. Palca,230107,,,71
230108 .::. Pocollay,230108,,,7
230109 .::. Sama,230109,,,29
230110 .::. Coronel Gregorio Albarracin Lanchipa,230110,,,18
2302 .::. Candarave ,2302,,6,162
230201 .::. Candarave,230201,,,93
230202 .::. Cairani,230202,,,14
230203 .::. Camilaca,230203,,,34
230204 .::. Curibaya,230204,,,5
230205 .::. Huanuara,230205,,,6
230206 .::. Quilahuani,230206,,,10
2303 .::. Jorge Basadre ,2303,,3,81
230301 .::. Locumba,230301,,,27
230302 .::. Ilabaya,230302,,,38
230303 .::. Ite,230303,,,16
2304 .::. Tarata ,2304,,8,217
230401 .::. Tarata,230401,,,99
230402 .::. Heroes Albarracin,230402,,,10
230403 .::. Estique,230403,,,7
230404 .::. Estique-pampa,230404,,,9
230405 .::. Sitajara,230405,,,3
230406 .::. Susapaya,230406,,,51
230407 .::. Tarucachi,230407,,,13
230408 .::. Ticaco,230408,,,25
24 .::. Tumbes,24,3,13,176
2401 .::. Tumbes ,2401,,6,74
240101 .::. Tumbes,240101,,,10
240102 .::. Corrales,240102,,,11
240103 .::. La Cruz,240103,,,6
240104 .::. Pampas De Hospital,240104,,,17
240105 .::. San Jacinto,240105,,,23
240106 .::. San Juan De La Virgen,240106,,,7
2402 .::. Contralmirante Villar ,2402,,3,70
240201 .::. Zorritos,240201,,,23
240202 .::. Casitas,240202,,,28
240203 .::. Canoas De Punta Sal,240203,,,19
2403 .::. Zarumilla ,2403,,4,32
240301 .::. Zarumilla,240301,,,3
240302 .::. Aguas Verdes,240302,,,10
240303 .::. Matapalo,240303,,,9
240304 .::. Papayal,240304,,,10
25 .::. Ucayali,25,4,15,857
2501 .::. Coronel Portillo ,2501,,7,399
250101 .::. Calleria,250101,,,94
250102 .::. Campoverde,250102,,,56
250103 .::. Iparia,250103,,,59
250104 .::. Masisea,250104,,,81
250105 .::. Yarinacocha,250105,,,53
250106 .::. Nueva Requena,250106,,,31
250107 .::. Manantay,250107,,,25
2502 .::. Atalaya ,2502,,4,230
250201 .::. Raymondi,250201,,,123
250202 .::. Sepahua,250202,,,35
250203 .::. Tahuania,250203,,,55
250204 .::. Yurua,250204,,,17
2503 .::. Padre Abad ,2503,,3,182
250301 .::. Padre Abad,250301,,,86
250302 .::. Irazola,250302,,,67
250303 .::. Curimana,250303,,,29
2504 .::. Purús,2504,,1,46
250401 .::. Purus,250401,,,46
